start_time,end_time,transfer,bandwidth
0.0,1.0,462 KBytes,3.79 Mbits/sec
1.0,2.0,310 KBytes,2.54 Mbits/sec
2.0,3.0,272 KBytes,2.22 Mbits/sec
3.0,4.0,225 KBytes,1.84 Mbits/sec
4.0,5.0,288 KBytes,2.36 Mbits/sec
5.0,6.0,325 KBytes,2.66 Mbits/sec
6.0,7.0,437 KBytes,3.58 Mbits/sec
7.0,8.0,438 KBytes,3.59 Mbits/sec
8.0,9.0,382 KBytes,3.13 Mbits/sec
9.0,10.0,509 KBytes,4.17 Mbits/sec
10.0,11.0,509 KBytes,4.17 Mbits/sec
11.0,12.0,255 KBytes,2.09 Mbits/sec
12.0,13.0,255 KBytes,2.08 Mbits/sec
13.0,14.0,382 KBytes,3.13 Mbits/sec
14.0,15.0,255 KBytes,2.08 Mbits/sec
15.0,16.0,509 KBytes,4.17 Mbits/sec
16.0,17.0,255 KBytes,2.08 Mbits/sec
17.0,18.0,255 KBytes,2.08 Mbits/sec
18.0,19.0,382 KBytes,3.13 Mbits/sec
19.0,20.0,382 KBytes,3.13 Mbits/sec
20.0,21.0,382 KBytes,3.13 Mbits/sec
21.0,22.0,382 KBytes,3.13 Mbits/sec
22.0,23.0,509 KBytes,4.17 Mbits/sec
23.0,24.0,382 KBytes,3.13 Mbits/sec
24.0,25.0,255 KBytes,2.09 Mbits/sec
25.0,26.0,382 KBytes,3.13 Mbits/sec
26.0,27.0,382 KBytes,3.13 Mbits/sec
27.0,28.0,382 KBytes,3.13 Mbits/sec
28.0,28.22,127 KBytes,4.75 Mbits/sec
0.0,28.22,10.0 MBytes,2.98 Mbits/sec
0.0,28.26,9.79 MBytes,2.91 Mbits/sec
