start_time,end_time,transfer,bandwidth
0.0,1.0,433 KBytes,3.54 Mbits/sec
1.0,2.0,481 KBytes,3.94 Mbits/sec
2.0,3.0,255 KBytes,2.08 Mbits/sec
3.0,4.0,413 KBytes,3.38 Mbits/sec
4.0,5.0,445 KBytes,3.65 Mbits/sec
5.0,6.0,509 KBytes,4.17 Mbits/sec
6.0,7.0,700 KBytes,5.73 Mbits/sec
7.0,8.0,382 KBytes,3.13 Mbits/sec
8.0,9.0,255 KBytes,2.09 Mbits/sec
9.0,10.0,382 KBytes,3.13 Mbits/sec
10.0,11.0,382 KBytes,3.13 Mbits/sec
11.0,12.0,382 KBytes,3.13 Mbits/sec
12.0,13.0,382 KBytes,3.13 Mbits/sec
13.0,14.0,382 KBytes,3.13 Mbits/sec
14.0,15.0,509 KBytes,4.17 Mbits/sec
15.0,16.0,382 KBytes,3.13 Mbits/sec
16.0,17.0,255 KBytes,2.09 Mbits/sec
17.0,18.0,255 KBytes,2.09 Mbits/sec
18.0,19.0,382 KBytes,3.13 Mbits/sec
19.0,20.0,382 KBytes,3.13 Mbits/sec
20.0,21.0,382 KBytes,3.13 Mbits/sec
21.0,22.0,255 KBytes,2.08 Mbits/sec
22.0,23.0,382 KBytes,3.13 Mbits/sec
23.0,24.0,509 KBytes,4.17 Mbits/sec
24.0,25.0,382 KBytes,3.13 Mbits/sec
25.0,25.91,509 KBytes,4.56 Mbits/sec
0.0,25.91,10.1 MBytes,3.28 Mbits/sec
0.0,25.95,9.85 MBytes,3.19 Mbits/sec
