start_time,end_time,transfer,bandwidth
0.0,1.0,609 KBytes,4.99 Mbits/sec
1.0,2.0,827 KBytes,6.78 Mbits/sec
2.0,3.0,764 KBytes,6.25 Mbits/sec
3.0,4.0,573 KBytes,4.69 Mbits/sec
4.0,5.0,573 KBytes,4.69 Mbits/sec
5.0,6.0,573 KBytes,4.69 Mbits/sec
6.0,7.0,382 KBytes,3.13 Mbits/sec
7.0,8.0,382 KBytes,3.13 Mbits/sec
8.0,9.0,382 KBytes,3.13 Mbits/sec
9.0,10.0,573 KBytes,4.69 Mbits/sec
10.0,11.0,382 KBytes,3.13 Mbits/sec
11.0,12.0,382 KBytes,3.13 Mbits/sec
12.0,13.0,382 KBytes,3.13 Mbits/sec
13.0,14.0,382 KBytes,3.13 Mbits/sec
14.0,15.0,573 KBytes,4.69 Mbits/sec
15.0,16.0,573 KBytes,4.69 Mbits/sec
16.0,17.0,382 KBytes,3.13 Mbits/sec
17.0,18.0,382 KBytes,3.13 Mbits/sec
18.0,19.0,382 KBytes,3.13 Mbits/sec
19.0,20.0,382 KBytes,3.13 Mbits/sec
20.0,21.0,382 KBytes,3.13 Mbits/sec
21.0,21.32,191 KBytes,4.88 Mbits/sec
0.0,21.32,10.2 MBytes,4.00 Mbits/sec
0.0,21.36,9.75 MBytes,3.83 Mbits/sec
